movie_id,title
19995,Avatar
285,Pirates of the Caribbean: At World's End
206647,Spectre
49026,The Dark Knight Rises
49529,John Carter
559,Spider-Man 3
38757,Tangled
99861,Avengers: Age of Ultron
767,Harry Potter and the Half-Blood Prince
209112,Batman v Superman: Dawn of Justice
1452,Superman Returns
10764,Quantum of Solace
58,Pirates of the Caribbean: Dead Man's Chest
57201,The Lone Ranger
49521,Man of Steel
2454,The Chronicles of Narnia: Prince Caspian
24428,The Avengers
1865,Pirates of the Caribbean: On Stranger Tides
41154,Men in Black 3
122917,The Hobbit: The Battle of the Five Armies
1930,The Amazing Spider-Man
20662,Robin Hood
57158,The Hobbit: The Desolation of Smaug
2268,The Golden Compass
254,King Kong
597,Titanic
271110,Captain America: Civil War
44833,Battleship
135397,Jurassic World
37724,Skyfall
558,Spider-Man 2
68721,Iron Man 3
12155,Alice in Wonderland
36668,X-Men: The Last Stand
62211,Monsters University
8373,Transformers: Revenge of the Fallen
91314,Transformers: Age of Extinction
68728,Oz: The Great and Powerful
102382,The Amazing Spider-Man 2
20526,TRON: Legacy
49013,Cars 2
44912,Green Lantern
10193,Toy Story 3
534,Terminator Salvation
168259,Furious 7
72190,World War Z
127585,X-Men: Days of Future Past
54138,Star Trek Into Darkness
81005,Jack the Giant Slayer
64682,The Great Gatsby
9543,Prince of Persia: The Sands of Time
68726,Pacific Rim
38356,Transformers: Dark of the Moon
217,Indiana Jones and the Kingdom of the Crystal Skull
105864,The Good Dinosaur
62177,Brave
188927,Star Trek Beyond
10681,WALL·E
5174,Rush Hour 3
14161,2012
17979,A Christmas Carol
76757,Jupiter Ascending
258489,The Legend of Tarzan
411,"The Chronicles of Narnia: The Lion, the Witch and the Wardrobe"
246655,X-Men: Apocalypse
155,The Dark Knight
14160,Up
15512,Monsters vs Aliens
1726,Iron Man
44826,Hugo
8487,Wild Wild West
1735,The Mummy: Tomb of the Dragon Emperor
297761,Suicide Squad
2698,Evan Almighty
137113,Edge of Tomorrow
9804,Waterworld
14869,G.I. Joe: The Rise of Cobra
150540,Inside Out
278927,The Jungle Book
10138,Iron Man 2
58595,Snow White and the Huntsman
102651,Maleficent
119450,Dawn of the Planet of the Apes
79698,The Lovers
64686,47 Ronin
100402,Captain America: The Winter Soldier
10192,Shrek Forever After
158852,Tomorrowland
177572,Big Hero 6
82690,Wreck-It Ralph
5255,The Polar Express
47933,Independence Day: Resurgence
10191,How to Train Your Dragon
296,Terminator 3: Rise of the Machines
118340,Guardians of the Galaxy
157336,Interstellar
27205,Inception
315011,Shin Godzilla
49051,The Hobbit: An Unexpected Journey
9799,The Fast and the Furious
4922,The Curious Case of Benjamin Button
49538,X-Men: First Class
131634,The Hunger Games: Mockingjay - Part 2
27022,The Sorcerer's Apprentice
503,Poseidon
241259,Alice Through the Looking Glass
810,Shrek the Third
68735,Warcraft
87101,Terminator Genisys
10140,The Chronicles of Narnia: The Voyage of the Dawn Treader
676,Pearl Harbor
1858,Transformers
1966,Alexander
675,Harry Potter and the Order of the Phoenix
674,Harry Potter and the Goblet of Fire
8960,Hancock
6479,I Am Legend
118,Charlie and the Chocolate Factory
2062,Ratatouille
272,Batman Begins
10527,Madagascar: Escape 2 Africa
18360,Night at the Museum: Battle of the Smithsonian
2080,X-Men Origins: Wolverine
605,The Matrix Revolutions
109445,Frozen
604,The Matrix Reloaded
76338,Thor: The Dark World
76341,Mad Max: Fury Road
13448,Angels & Demons
10195,Thor
13053,Bolt
19585,G-Force
57165,Wrath of the Titans
62213,Dark Shadows
177677,Mission: Impossible - Rogue Nation
7978,The Wolfman
5559,Bee Movie
49444,Kung Fu Panda 2
10196,The Last Airbender
956,Mission: Impossible III
117251,White House Down
50321,Mars Needs Moms
11619,Flushed Away
266647,Pan
82703,Mr. Peabody & Sherman
652,Troy
80321,Madagascar 3: Europe's Most Wanted
36669,Die Another Day
43074,Ghostbusters
95,Armageddon
608,Men in Black II
2310,Beowulf
140300,Kung Fu Panda 3
56292,Mission: Impossible - Ghost Protocol
81188,Rise of the Guardians
7552,Fun with Dick and Jane
616,The Last Samurai
147441,Exodus: Gods and Kings
13475,Star Trek
557,Spider-Man
82702,How to Train Your Dragon 2
205584,Gods of Egypt
10048,Stealth
13183,Watchmen
944,Lethal Weapon 4
1927,Hulk
72559,G.I. Joe: Retaliation
7364,Sahara
2114,Final Fantasy: The Spirits Within
1771,Captain America: The First Avenger
36643,The World Is Not Enough
8619,Master and Commander: The Far Side of the World
50620,The Twilight Saga: Breaking Dawn - Part 2
65759,Happy Feet Two
1724,The Incredible Hulk
267935,The BFG
281957,The Revenant
77950,Turbo
44896,Rango
270946,Penguins of Madagascar
2503,The Bourne Ultimatum
9502,Kung Fu Panda
102899,Ant-Man
101299,The Hunger Games: Catching Fire
228161,Home
74,War of the Worlds
8961,Bad Boys II
417859,Puss in Boots
27576,Salt
86834,Noah
17578,The Adventures of Tintin
673,Harry Potter and the Prisoner of Azkaban
6972,Australia
82700,After Earth
10567,Dinosaur
181533,Night at the Museum: Secret of the Tomb
38055,Megamind
671,Harry Potter and the Philosopher's Stone
49524,R.I.P.D.
22,Pirates of the Caribbean: The Curse of the Black Pearl
131631,The Hunger Games: Mockingjay - Part 1
591,The Da Vinci Code
172385,Rio 2
36658,X2
51497,Fast Five
58574,Sherlock Holmes: A Game of Shadows
18823,Clash of the Titans
861,Total Recall
1911,The 13th Warrior
49040,The Bourne Legacy
415,Batman & Robin
8871,How the Grinch Stole Christmas
435,The Day After Tomorrow
955,Mission: Impossible II
2133,The Perfect Storm
1979,Fantastic 4: Rise of the Silver Surfer
87827,Life of Pi
1250,Ghost Rider
324668,Jason Bourne
9471,Charlie's Angels: Full Throttle
70981,Prometheus
10996,Stuart Little 2
68724,Elysium
2789,The Chronicles of Riddick
97020,RoboCop
7459,Speed Racer
42888,How Do You Know
37834,Knight and Day
75612,Oblivion
1895,Star Wars: Episode III - Revenge of the Sith
1894,Star Wars: Episode II - Attack of the Clones
585,"Monsters, Inc."
76170,The Wolverine
1893,Star Wars: Episode I - The Phantom Menace
49519,The Croods
2395,Asterix at the Olympic Games
12100,Windtalkers
290595,The Huntsman: Winter's War
98566,Teenage Mutant Ninja Turtles
49047,Gravity
9619,Dante's Peak
308531,Teenage Mutant Ninja Turtles: Out of the Shadows
166424,Fantastic Four
1593,Night at the Museum
254128,San Andreas
714,Tomorrow Never Dies
2024,The Patriot
163,Ocean's Twelve
787,Mr. & Mrs. Smith
262500,Insurgent
2567,The Aviator
38745,Gulliver's Travels
40805,The Green Hornet
53182,300: Rise of an Empire
41513,The Smurfs
13700,Home on the Range
262504,Allegiant
39254,Real Steel
77931,The Smurfs 2
1639,Speed 2: Cruise Control
80274,Ender's Game
1571,Live Free or Die Hard
120,The Lord of the Rings: The Fellowship of the Ring
10204,Around the World in 80 Days
8489,Ali
10588,The Cat in the Hat
2048,"I, Robot"
1495,Kingdom of Heaven
10137,Stuart Little
10198,The Princess and the Frog
286217,The Martian
1635,The Island
24113,Town & Country
9679,Gone in Sixty Seconds
98,Gladiator
180,Minority Report
672,Harry Potter and the Chamber of Secrets
36557,Casino Royale
869,Planet of the Apes
280,Terminator 2: Judgment Day
11322,Public Enemies
4982,American Gangster
36955,True Lies
18487,The Taking of Pelham 1 2 3
39451,Little Fockers
27581,The Other Guys
9268,Eraser
68718,Django Unchained
10545,The Hunchback of Notre Dame
11688,The Emperor's New Groove
76163,The Expendables 2
2059,National Treasure
2486,Eragon
16523,Where the Wild Things Are
116711,Epic
37710,The Tourist
9946,End of Days
1372,Blood Diamond
106646,The Wolf of Wall Street
414,Batman Forever
563,Starship Troopers
83542,Cloud Atlas
41216,Legend of the Guardians: The Owls of Ga'Hoole
314,Catwoman
184315,Hercules
9016,Treasure Planet
18162,Land of the Lost
138103,The Expendables 3
257088,Point Break
10214,Son of the Mask
205775,In the Heart of the Sea
11692,The Adventures of Pluto Nash
22972,Green Zone
227973,The Peanuts Movie
29193,The Spanish Prisoner
1734,The Mummy Returns
3131,Gangs of New York
76758,The Flowers of War
9408,Surf's Up
9890,The Stepford Wives
855,Black Hawk Down
77953,The Campaign
18,The Fifth Element
37786,Sex and the City 2
10501,The Road to El Dorado
57800,Ice Age: Continental Drift
150689,Cinderella
7980,The Lovely Bones
12,Finding Nemo
122,The Lord of the Rings: The Return of the King
121,The Lord of the Rings: The Two Towers
68737,Seventh Son
1995,Lara Croft: Tomb Raider
157353,Transcendence
331,Jurassic Park III
61791,Rise of the Planet of the Apes
8204,The Spiderwick Chronicles
47964,A Good Day to Die Hard
10733,The Alamo
9806,The Incredibles
1408,Cutthroat Island
32657,Percy Jackson & the Olympians: The Lightning Thief
607,Men in Black
863,Toy Story 2
44048,Unstoppable
5175,Rush Hour 2
2655,What Lies Beneath
22794,Cloudy with a Chance of Meatballs
8355,Ice Age: Dawn of the Dinosaurs
116745,The Secret Life of Walter Mitty
4327,Charlie's Angels
1422,The Departed
10674,Mulan
7446,Tropic Thunder
65754,The Girl with the Dragon Tattoo
1572,Die Hard: With a Vengeance
10528,Sherlock Holmes
271969,Ben-Hur
10865,Atlantis: The Lost Empire
258509,Alvin and the Chipmunks: The Road Chip
2253,Valkyrie
10661,You Don't Mess with the Zohan
257344,Pixels
644,A.I. Artificial Intelligence
10756,The Haunted Mansion
686,Contact
9383,Hollow Man
179,The Interpreter
76285,Percy Jackson: Sea of Monsters
1996,Lara Croft Tomb Raider: The Cradle of Life
291805,Now You See Me 2
10003,The Saint
1535,Spy Game
2067,Mission to Mars
46195,Rio
2277,Bicentennial Man
10357,Volcano
4477,The Devil's Own
8665,K-19: The Widowmaker
9387,Conan the Barbarian
921,Cinderella Man
49852,The Nutcracker: The Untold Story
4464,Seabiscuit
664,Twister
8358,Cast Away
9836,Happy Feet
2502,The Bourne Supremacy
9772,Air Force One
161,Ocean's Eleven
52451,The Three Musketeers
76492,Hotel Transylvania
4523,Enchanted
59961,Safe House
10481,102 Dalmatians
59108,Tower Heist
1581,The Holiday
9798,Enemy of the State
22897,It's Complicated
298,Ocean's Thirteen
7484,Open Season
157350,Divergent
853,Enemy at the Gates
10159,The Rundown
9593,Last Action Hero
1904,Memoirs of a Geisha
9615,The Fast and the Furious: Tokyo Drift
51052,Arthur Christmas
297,Meet Joe Black
9884,Collateral Damage
16858,All That Jazz
62764,Mirror Mirror
22538,Scott Pilgrim vs. the World
9341,The Core
12107,Nutty Professor II: The Klumps
9637,Scooby-Doo
49049,Dredd
9339,Click
16281,Creepshow
39691,Cats & Dogs 2 : The Revenge of Kitty Galore
8247,Jumper
11253,Hellboy II: The Golden Army
1949,Zodiac
8452,The 6th Day
310,Bruce Almighty
27578,The Expendables
954,Mission: Impossible
70160,The Hunger Games
45243,The Hangover Part II
364,Batman Returns
7518,Over the Hedge
11544,Lilo & Stitch
9986,Charlotte's Web
8656,Deep Impact
146216,RED 2
9291,The Longest Yard
55301,Alvin and the Chipmunks: Chipwrecked
109418,Grown Ups 2
11665,Get Smart
6964,Something's Gotta Give
11324,Shutter Island
12193,Four Christmases
9928,Robots
754,Face/Off
10202,Bedtime Stories
4147,Road to Perdition
50546,Just Go with It
1701,Con Air
13027,Eagle Eye
2289,Cold Mountain
20504,The Book of Eli
9574,Flubber
11618,The Haunting
2300,Space Jam
12096,The Pink Panther
10200,The Day the Earth Stood Still
8834,Conspiracy Theory
228150,Fury
6068,Six Days Seven Nights
41515,Yogi Bear
9023,Spirit: Stallion of the Cimarron
38317,Zookeeper
2157,Lost in Space
14462,The Manchurian Candidate
161795,Déjà Vu
159824,Hotel Transylvania 2
49948,Fantasia 2000
2135,The Time Machine
9822,Mighty Joe Young
9705,Swordfish
1656,The Legend of Zorro
12159,What Dreams May Come
9678,Little Nicky
4442,The Brothers Grimm
75,Mars Attacks!
330770,Evolution
9433,The Edge
19959,Surrogates
11973,Thirteen Days
11228,Daylight
77951,Walking With Dinosaurs
5491,Battlefield Earth
10715,Looney Tunes: Back in Action
10197,Nine
9562,Timeline
9922,The Postman
9447,Babe: Pig in the City
274854,The Last Witch Hunter
8870,Red Planet
9992,Arthur and the Invisibles
36970,Oceans
10077,A Sound of Thunder
76649,Pompeii
293644,Top Cat Begins
453,A Beautiful Mind
8587,The Lion King
72545,Journey 2: The Mysterious Island
109451,Cloudy with a Chance of Meatballs 2
9533,Red Dragon
2023,Hidalgo
71880,Jack and Jill
584,2 Fast 2 Furious
309809,The Little Prince
4858,The Invasion
17711,The Adventures of Rocky & Bullwinkle
328111,The Secret Life of Pets
8698,The League of Extraordinary Gentlemen
93456,Despicable Me 2
602,Independence Day
330,The Lost World: Jurassic Park
953,Madagascar
9693,Children of Men
36657,X-Men
8909,Wanted
9802,The Rock
950,Ice Age: The Meltdown
1824,50 First Dates
2976,Hairspray
11026,Exorcist: The Beginning
332,Inspector Gadget
75656,Now You See Me
38365,Grown Ups
594,The Terminal
15189,Hotel for Dogs
11678,Vertical Limit
6538,Charlie Wilson's War
10555,Shark Tale
1125,Dreamgirls
4551,Be Cool
612,Munich
9567,Tears of the Sun
37821,Killers
203801,The Man from U.N.C.L.E.
2539,Spanglish
9297,Monster House
3172,Bandits
6520,First Knight
1439,Anna and the King
37958,Immortals
2026,Hostage
7450,Titan A.E.
11375,Hollywood Homicide
9425,Soldier
25769,Carriers
23685,Monkeybone
11866,Flight of the Phoenix
9741,Unbreakable
211672,Minions
23629,Sucker Punch
8688,Snake Eyes
10153,Sphere
153518,The Angry Birds Movie
8676,Fool's Gold
20829,Funny People
4349,The Kingdom
9718,Talladega Nights: The Ballad of Ricky Bobby
10808,Dr. Dolittle 2
197,Braveheart
25,Jarhead
35,The Simpsons Movie
11086,The Majestic
10477,Driven
1997,Two Brothers
6947,The Village
3050,Doctor Dolittle
2675,Signs
809,Shrek 2
920,Cars
4806,Runaway Bride
7451,xXx
228165,The SpongeBob Movie: Sponge Out of Water
3595,Ransom
16869,Inglourious Basterds
879,Hook
1573,Die Hard 2
9257,S.W.A.T.
1903,Vanilla Sky
9697,Lady in the Water
395,AVP: Alien vs. Predator
23398,Alvin and the Chipmunks: The Squeakquel
10590,We Were Soldiers
117263,Olympus Has Fallen
200,Star Trek: Insurrection
44943,Battle: Los Angeles
587,Big Fish
10395,Wolf
57212,War Horse
152760,The Monuments Men
2756,The Abyss
33909,Wall Street: Money Never Sleeps
49017,Dracula Untold
9882,The Siege
2270,Stardust
978,Seven Years in Tibet
44564,The Dilemma
3132,Bad Company
8814,Doom
8427,I Spy
52520,Underworld: Awakening
80585,Rock of Ages
10592,Hart's War
49021,Killer Elite
11535,Rollerball
10550,Ballistic: Ecks vs. Sever
11258,Hard Rain
12610,Osmosis Jones
59981,Legends of Oz: Dorothy's Return
201088,Blackhat
5137,Sky Captain and the World of Tomorrow
3093,Basic Instinct 2
107846,Escape Plan
188207,The Legend of Hercules
4614,The Sum of All Fears
24021,The Twilight Saga: Eclipse
11371,The Score
20352,Despicable Me
11517,Money Train
214756,Ted 2
26428,Agora
9824,Mystery Men
48988,Hall Pass
9008,The Insider
300673,The Finest Hours
12113,Body of Lies
38778,Dinner for Schmucks
72331,Abraham Lincoln: Vampire Hunter
1844,Entrapment
846,The X Files
9703,The Last Legion
857,Saving Private Ryan
136797,Need for Speed
3981,What Women Want
425,Ice Age
6171,Dreamcatcher
72976,Lincoln
603,The Matrix
568,Apollo 13
9021,The Santa Clause 2
82695,Les Misérables
9489,You've Got Mail
12133,Step Brothers
9342,The Mask of Zorro
41733,Due Date
227306,Unbroken
5551,Space Cowboys
9350,Cliffhanger
9208,Broken Arrow
4244,The Kid
1852,World Trade Center
11820,Mona Lisa Smile
76493,The Dictator
345,Eyes Wide Shut
196867,Annie
256591,Focus
59962,This Means War
36648,Blade: Trinity
1880,Red Dawn
9440,Primary Colors
71679,Resident Evil: Retribution
10483,Death Race
11412,The Long Kiss Goodnight
11983,Proof of Life
6795,Zathura: A Space Adventure
550,Fight Club
11170,We Are Marshall
9292,Hudson Hawk
10783,Lucky Numbers
100241,"I, Frankenstein"
257,Oliver Twist
9947,Elektra
189,Sin City: A Dame to Kill For
12618,Random Hearts
253412,Everest
1427,Perfume: The Story of a Murderer
818,Austin Powers in Goldmember
16577,Astro Boy
329,Jurassic Park
12160,Wyatt Earp
9331,Clear and Present Danger
300168,Dragon Blade
9072,Little Man
3536,U-571
9087,The American President
12177,The Love Guru
12138,3000 Miles to Graceland
273248,The Hateful Eight
9955,Blades of Glory
50359,Hop
1271,300
693,Meet the Fockers
14306,Marley & Me
497,The Green Mile
11199,Wild Hogs
9982,Chicken Little
210577,Gone Girl
2501,The Bourne Identity
710,GoldenEye
2275,The General's Daughter
37165,The Truman Show
9837,The Prince of Egypt
10708,Daddy Day Care
136400,2 Guns
10992,Cats & Dogs
9654,The Italian Job
2642,Two Weeks Notice
8916,Antz
19899,Couples Retreat
2119,Days of Thunder
9641,Cheaper by the Dozen 2
294254,Maze Runner: The Scorch Trials
38167,Eat Pray Love
5994,The Family Man
39514,RED
9563,Any Given Sunday
547,The Horse Whisperer
1538,Collateral
9334,The Scorpion King
11128,Ladder 49
75780,Jack Reacher
8914,Deep Blue Sea
13576,This Is It
39538,Contagion
10628,Kangaroo Jack
14836,Coraline
8645,The Happening
9509,Man on Fire
10067,The Shaggy Dog
9384,Starsky & Hutch
9279,Jingle All the Way
1487,Hellboy
9422,A Civil Action
77174,ParaNorman
4824,The Jackal
9620,Paycheck
9302,Up Close & Personal
10199,The Tale of Despereaux
10771,The Tuxedo
3512,Under Siege 2: Dark Territory
137094,Jack Ryan: Shadow Recruit
274479,Joy
267860,London Has Fallen
8078,Alien: Resurrection
7485,Shooter
170687,The Boxtrolls
6435,Practical Magic
137106,The Lego Movie
10040,Miss Congeniality 2: Armed and Fabulous
6278,Reign of Fire
82682,Gangster Squad
17610,Year One
22954,Invictus
16995,State of Play
16558,Duplicity
9849,My Favorite Martian
5820,The Sentinel
16866,Planet 51
201,Star Trek: Nemesis
11775,Intolerable Cruelty
87825,Trouble with the Curve
12201,Edge of Darkness
11015,The Relic
9932,Analyze That
13389,Righteous Kill
8838,Mercury Rising
17332,The Soloist
4958,The Legend of Bagger Vance
786,Almost Famous
9513,Garfield: A Tail of Two Kitties
11679,xXx: State of the Union
38321,Priest
14411,Sinbad: Legend of the Seven Seas
8413,Event Horizon
10052,Dragonfly
9676,The Black Dahlia
9664,Flyboys
2100,The Last Castle
10384,Supernova
137321,Winter's Tale
123553,The Mortal Instruments: City of Bones
11260,Meet Dave
9009,Dark Water
11374,Edtv
2309,Inkheart
8285,The Spirit
210860,Mortdecai
2312,In the Name of the King: A Dungeon Siege Tale
9839,Beyond Borders
381902,The Monkey King 2
13922,The Great Raid
293660,Deadpool
9713,Holy Man
190859,American Sniper
257445,Goosebumps
9007,Just Like Heaven
889,The Flintstones in Viva Rock Vegas
1370,Rambo III
4942,Leatherheads
347969,The Ridiculous 6
24438,Did You Hear About the Morgans?
116741,The Internship
35791,Resident Evil: Afterlife
72431,Red Tails
1813,The Devil's Advocate
87428,That's My Boy
8840,DragonHeart
10589,After the Sunset
71676,Ghost Rider: Spirit of Vengeance
1722,Captain Corelli's Mandolin
10022,The Pacifier
11358,Walking Tall
13,Forrest Gump
6477,Alvin and the Chipmunks
1597,Meet the Parents
10530,Pocahontas
1924,Superman
9327,The Nutty Professor
8488,Hitch
10603,George of the Jungle
8273,American Wedding
109424,Captain Phillips
35056,Date Night
8839,Casper
156022,The Equalizer
7303,Maid in Manhattan
8963,Crimson Tide
1402,The Pursuit of Happyness
9315,Flightplan
8984,Disclosure
795,City of Angels
24,Kill Bill: Vol. 1
11353,Bowfinger
393,Kill Bill: Vol. 2
9618,Tango & Cash
9374,Death Becomes Her
8584,Shanghai Noon
2320,Executive Decision
58224,Mr. Popper's Penguins
1729,The Forbidden Kingdom
175574,Free Birds
8077,Alien³
8818,Evita
8195,Ronin
10586,The Ghost and the Darkness
116149,Paddington
80035,The Watch
10632,The Hunted
12117,Instinct
1792,Stuck on You
13260,Semi-Pro
72197,The Pirates! In an Adventure with Scientists!
3580,Changeling
12123,Chain Reaction
9566,The Fan
9833,The Phantom of the Opera
4517,Elizabeth: The Golden Age
8202,Æon Flux
16072,Gods and Generals
34314,Turbulence
19724,Imagine That
145220,Muppets Most Wanted
14623,Thunderbirds
42297,Burlesque
2841,A Very Long Engagement
802,Lolita
10375,D-Tox
36586,Blade II
11321,Seven Pounds
70074,Bullet to the Head
242,The Godfather: Part III
9621,Elizabethtown
1819,"You, Me and Dupree"
8536,Superman II
8046,Gigli
1717,All the King's Men
479,Shaft
9444,Anastasia
824,Moulin Rouge!
11456,Domestic Disturbance
261023,Black Mass
3683,Flags of Our Fathers
22803,Law Abiding Citizen
285923,Grindhouse
39437,Beloved
1950,Lucky You
640,Catch Me If You Can
97630,Zero Dark Thirty
9767,The Break-Up
11631,Mamma Mia!
32856,Valentine's Day
6519,The Dukes of Hazzard
8741,The Thin Red Line
49520,The Change-Up
1850,Man on the Moon
524,Casino
26389,From Paris with Love
11817,Bulletproof Monk
2123,"Me, Myself & Irene"
9907,Barnyard
9969,Deck the Halls
18239,The Twilight Saga: New Moon
808,Shrek
38050,The Adjustment Bureau
8367,Robin Hood: Prince of Thieves
9390,Jerry Maguire
72105,Ted
2898,As Good as It Gets
10312,Patch Adams
109443,Anchorman 2: The Legend Continues
2022,Mr. Deeds
37686,Super 8
462,Erin Brockovich
9919,How to Lose a Guy in 10 Days
187017,22 Jump Street
628,Interview with the Vampire
10201,Yes Man
302699,Central Intelligence
9441,Stepmom
274167,Daddy's Home
224141,Into the Woods
388,Inside Man
2112,Payback
10329,Congo
74465,We Bought a Zoo
13811,Knowing
6877,Failure to Launch
10320,The Ring Two
50646,"Crazy, Stupid, Love."
8920,Garfield
13673,Christmas with the Kranks
60308,Moneyball
6950,Outbreak
225574,Non-Stop
13836,Race to Witch Mountain
752,V for Vendetta
6038,Shanghai Knights
9975,Curious George
11451,Herbie Fully Loaded
12103,Don't Say a Word
60304,Hansel & Gretel: Witch Hunters
2251,Unfaithful
46529,I Am Number Four
231,Syriana
300671,13 Hours: The Secret Soldiers of Benghazi
228326,The Book of Life
9754,Firewall
66,Absolute Power
4421,G.I. Jane
2649,The Game
588,Silent Hill
10393,The Replacements
71552,American Reunion
9631,The Negotiator
216282,Into the Storm
306,Beverly Hills Cop III
928,Gremlins 2: The New Batch
205587,The Judge
6623,The Peacemaker
1577,Resident Evil: Apocalypse
9801,Bridget Jones: The Edge of Reason
2116,Out of Time
9624,On Deadly Ground
14199,The Adventures of Sharkboy and Lavagirl
1907,The Beach
4599,Raising Helen
22832,Ninja Assassin
10390,For Love of the Game
9879,Striptease
38579,Marmaduke
44603,Hereafter
11892,Murder by Numbers
9691,Assassins
1248,Hannibal Rising
12220,The Story of Us
72710,The Host
10782,Basic
9573,Blood Work
4959,The International
10061,Escape from L.A.
10386,The Iron Giant
421,The Life Aquatic with Steve Zissou
316152,Free State of Jones
11615,The Life of David Gale
13498,Man of the House
241554,Run All Night
2252,Eastern Promises
11968,Into the Blue
10047,The Messenger: The Story of Joan of Arc
38319,Your Highness
69668,Dream House
9770,Mad City
11212,Baby's Day Out
10533,The Scarlet Letter
38363,Fair Game
9923,Domino
11863,Jade
18501,Gamer
109491,Beautiful Creatures
9275,Death to Smoochy
329833,Zoolander 2
12634,The Big Bounce
10416,What Planet Are You From?
47327,Drive Angry
15268,Street Fighter: The Legend of Chun-Li
10796,The One
9548,The Adventures of Ford Fairlane
18947,The Boat That Rocked
1900,Traffic
89,Indiana Jones and the Last Crusade
96724,Anna Karenina
198184,Chappie
9481,The Bone Collector
4547,Panic Room
53953,The Tooth Fairy
6415,Three Kings
181283,Child 44
9896,Rat Race
167,K-PAX
11232,Kate & Leopold
1636,Bedazzled
2148,The Cotton Club
5176,3:10 to Yuma
260346,Taken 3
1389,Out of Sight
9894,The Cable Guy
7504,Earth
8592,Dick Tracy
913,The Thomas Crown Affair
11091,Riding in Cars with Boys
1368,First Blood
593,Solaris
5393,Happily N'Ever After
9095,Mary Reilly
8874,My Best Friend's Wedding
11467,America's Sweethearts
320,Insomnia
199,Star Trek: First Contact
20533,Jonah Hex
10684,Courage Under Fire
1624,Liar Liar
325789,The Infiltrator
113464,Inchon
888,The Flintstones
82675,Taken 2
4256,Scary Movie 3
1493,Miss Congeniality
88751,Journey to the Center of the Earth
11130,The Princess Diaries 2: Royal Engagement
9944,The Pelican Brief
10731,The Client
7350,The Bucket List
9869,Patriot Games
4379,Monster-in-Law
146233,Prisoners
2034,Training Day
926,Galaxy Quest
4248,Scary Movie 2
64328,The Muppets
36647,Blade
7214,Coach Carter
1537,Changing Lanes
9360,Anaconda
6282,Coyote Ugly
508,Love Actually
9487,A Bug's Life
768,From Hell
2636,The Specialist
10478,Tin Cup
27983,"Yours, Mine and Ours"
9981,Kicking & Screaming
7453,The Hitchhiker's Guide to the Galaxy
15045,Fat Albert
7737,Resident Evil: Extinction
232672,Blended
17379,Last Holiday
8987,The River Wild
11359,The Indian in the Cupboard
82525,Savages
9759,Cellular
9486,Johnny English
9906,The Ant Bully
841,Dune
4688,Across the Universe
4148,Revolutionary Road
2207,16 Blocks
9381,Babylon A.D.
9625,The Glimmer Man
9304,Multiplicity
20856,Aliens in the Attic
5955,The Pledge
9899,The Producers
9826,The Phantom
21355,All the Pretty Horses
10858,Nixon
11439,The Ghost Writer
9457,Deep Rising
12412,Miracle at St. Anna
1494,Curse of the Golden Flower
13184,Bangkok Dangerous
2185,Big Trouble
6639,Love in the Time of Cholera
38153,Shadow Conspiracy
58233,Johnny English Reborn
116977,Foodfight!
68734,Argo
5503,The Fugitive
27573,The Bounty Hunter
819,Sleepers
1369,Rambo: First Blood Part II
9623,The Juror
10895,Pinocchio
10935,Heaven's Gate
834,Underworld: Evolution
228066,Victor Frankenstein
711,Finding Forrester
10468,28 Days
10027,Unleashed
11812,The Sweetest Thing
37233,The Firm
37950,Charlie St. Cloud
27582,The Mechanic
64688,21 Jump Street
509,Notting Hill
7443,Chicken Run
5966,Along Came Polly
11066,Boomerang
136795,The Heat
8095,Cleopatra
87826,Here Comes the Boom
11560,High Crimes
25189,The Mirror Has Two Faces
2637,The Mothman Prophecies
18480,Brüno
709,Licence to Kill
49730,Red Riding Hood
2749,15 Minutes
9607,Super Mario Bros.
1830,Lord of War
79,Hero
54054,One for the Money
228967,The Interview
46528,The Warrior's Way
27936,Micmacs
65,8 Mile
280391,Why I Did (Not) Eat My Father
9476,A Knight's Tale
10610,The Medallion
745,The Sixth Sense
49527,Man on a Ledge
73937,The Big Year
1885,The Karate Kid
168672,American Hustle
18240,The Proposal
10398,Double Jeopardy
165,Back to the Future Part II
240832,Lucy
216015,Fifty Shades of Grey
12279,Spy Kids 3-D: Game Over
1645,A Time to Kill
11007,Cheaper by the Dozen
193756,Lone Survivor
11287,A League of Their Own
259693,The Conjuring 2
37799,The Social Network
10184,He's Just Not That Into You
4257,Scary Movie 4
4234,Scream 3
196,Back to the Future Part III
257091,Get Hard
6114,Dracula
24803,Julie & Julia
109410,42
1213,The Talented Mr. Ripley
100042,Dumb and Dumber To
9036,Eight Below
257211,The Intern
323675,Ride Along 2
9361,The Last of the Mohicans
1677,Ray
187,Sin City
7461,Vantage Point
16538,"I Love You, Man"
9889,Shallow Hal
820,JFK
11565,Big Momma's House 2
6073,The Mexican
16996,17 Again
193610,The Other Woman
19912,The Final Destination
296098,Bridge of Spies
8007,Behind Enemy Lines
32823,Get Him to the Greek
4380,Shall We Dance?
11551,Small Soldiers
10336,Spawn
11362,The Count of Monte Cristo
50348,The Lincoln Lawyer
48138,Unknown
1124,The Prestige
227159,Horrible Bosses 2
68179,Escape from Planet Earth
1579,Apocalypto
708,The Living Daylights
34851,Predators
9930,Legal Eagles
1586,Secret Window
2044,The Lake House
9913,The Skeleton Key
71864,The Odd Life of Timothy Green
10761,Made of Honor
209451,Jersey Boys
11975,The Rainmaker
4970,Gothika
11831,Amistad
9096,Medicine Man
440,Aliens vs Predator: Requiem
11011,Ri¢hie Ri¢h
10641,Autumn in New York
11172,Music and Lyrics
39513,Paul
82687,The Guilt Trip
41446,Scream 4
8224,8MM
10537,The Doors
225886,Sex Tape
10385,Hanging Up
55779,Final Destination 5
10154,Mickey Blue Eyes
10647,Pay It Forward
11431,Fever Pitch
8457,Drillbit Taylor
188161,A Million Ways to Die in the West
8850,The Shadow
64685,Extremely Loud & Incredibly Close
38357,Morning Glory
10060,Get Rich or Die Tryin'
11398,The Art of War
1833,Rent
10391,Bless the Child
8970,The Out-of-Towners
9306,The Island of Dr. Moreau
11370,The Musketeer
12184,The Other Boleyn Girl
1921,Sweet November
1683,The Reaping
203,Mean Streets
11858,Renaissance Man
62835,Colombiana
18937,Quest for Camelot
13536,City By The Sea
15556,At First Sight
10718,Torque
11062,City Hall
10802,Showgirls
1887,Marie Antoinette
6071,Kiss of Death
10461,Get Carter
80278,The Impossible
12704,Ishtar
10315,Fantastic Mr. Fox
16643,Life or Something Like It
2687,Memoirs of an Invisible Man
194,Amélie
11025,New York Minute
8849,Alfie
78698,Big Miracle
30943,The Deep End of the Ocean
9544,FearDotCom
24418,Cirque du Freak: The Vampire's Assistant
7288,Duplex
14655,Soul Men
24575,Raise the Titanic
10366,Universal Soldier: The Return
19898,Pandorum
4965,Impostor
15074,Extreme Ops
56715,Just Visiting
1272,Sunshine
72358,A Thousand Words
20542,Delgo
266396,The Gunman
9978,Stormbreaker
8271,Disturbia
10428,Hackers
5353,The Hunting Party
11934,The Hudsucker Proxy
14392,The Warlords
19495,Nomad: The Warrior
110415,Snowpiercer
77459,A Monster in Paris
26486,The Last Shot
9495,The Crow
256040,Baahubali: The Beginning
24420,The Time Traveler's Wife
1257,Because I Said So
62214,Frankenweenie
16320,Serenity
8842,Against the Ropes
9531,Superman III
64807,Grudge Match
12289,Red Cliff
11529,Sweet Home Alabama
20943,The Ugly Truth
9099,Sgt. Bilko
9488,Spy Kids 2: The Island of Lost Dreams
193,Star Trek: Generations
44865,The Grandmaster
55787,Water for Elephants
257932,Dragon Nest: Warriors' Dawn
10400,The Hurricane
1957,Enough
10833,Heartbreakers
256961,Paul Blart: Mall Cop 2
5852,Angel Eyes
12312,Joe Somebody
622,The Ninth Gate
11306,Extreme Measures
12508,Rock Star
25793,Precious
10534,White Squall
1091,The Thing
87421,Riddick
10871,Switchback
13503,Texas Rangers
13600,City of Ember
68722,The Master
14324,Virgin Territory
14325,The Express
299687,The 5th Wave
312221,Creed
23168,The Town
76494,What to Expect When You're Expecting
4944,Burn After Reading
10488,Nim's Island
96721,Rush
334,Magnolia
23742,Cop Out
259694,How to Be Single
62837,Dolphin Tale
8966,Twilight
8470,John Q
11001,Blue Streak
138832,We're the Millers
16911,The Inhabited Island
2163,Breakdown
36670,Never Say Never Again
23048,Hot Tub Time Machine
227735,Dolphin Tale 2
2155,Reindeer Games
8409,A Man Apart
222936,Aloha
31908,Ghosts of Mississippi
10219,Snow Falling on Cedars
48171,The Rite
782,Gattaca
75531,Isn't She Great
11802,Space Chimps
9776,Head of State
18785,The Hangover
365222,Ip Man 3
817,Austin Powers: The Spy Who Shagged Me
268,Batman
45054,There Be Dragons
943,Lethal Weapon 3
22881,The Blind Side
10054,Spy Kids
51540,Horrible Bosses
44264,True Grit
350,The Devil Wears Prada
152,Star Trek: The Motion Picture
109431,Identity Thief
1598,Cape Fear
8065,21
271718,Trainwreck
11638,Guess Who
409,The English Patient
2118,L.A. Confidential
11459,Sky High
10806,In & Out
9348,Species
377,A Nightmare on Elm Street
8843,The Cell
9313,The Man in the Iron Mask
39486,Secretariat
1273,TMNT
13920,Radio
50544,Friends with Benefits
325133,Neighbors 2: Sorority Rising
140823,Saving Mr. Banks
1883,Malcolm X
89492,This Is 40
22949,Old Dogs
12437,Underworld: Rise of the Lycans
2959,License to Wed
9957,The Benchwarmers
11648,Must Love Dogs
9366,Donnie Brasco
1576,Resident Evil
609,Poltergeist
5516,The Ladykillers
13051,Max Payne
49530,In Time
34806,The Back-Up Plan
49022,Something Borrowed
11469,Black Knight
23479,The Bad News Bears
11667,Street Fighter
423,The Pianist
2447,The Nativity Story
10066,House of Wax
2288,Closer
88794,J. Edgar
13515,Mirrors
11979,Queen of the Damned
169,Predator 2
8090,Untraceable
11622,Blast from the Past
3604,Flash Gordon
9541,Jersey Girl
94348,Alex Cross
8197,Midnight in the Garden of Good and Evil
336004,Heist
35019,Nanny McPhee and the Big Bang
10410,Hoffa
8836,The X Files: I Want to Believe
14442,Ella Enchanted
321741,Concussion
59965,Abduction
14175,Valiant
11004,Wonder Boys
11918,Superhero Movie
98357,Broken City
10012,Cursed
49526,Premium Rush
268920,Hot Pursuit
9093,The Four Feathers
119283,Parker
11823,Wimbledon
35169,Furry Vengeance
118957,Bait
849,Krull
4515,Lions for Lambs
18886,Flight of the Intruder
6575,Walk Hard: The Dewey Cox Story
6440,The Shipping News
13496,American Outlaws
18320,The Young Victoria
22787,Whiteout
8967,The Tree of Life
37498,Knock Off
144336,Sabotage
9616,The Order
13056,Punisher: War Zone
14113,Zoom
285783,The Walk
49478,Warriors of Virtue
9726,A Good Year
20763,Radio Flyer
9702,Bound by Honor
9311,Smilla's Sense of Snow
9280,Femme Fatale
26843,Lion of the Desert
11876,The Horseman on the Roof
22267,Ride with the Devil
45958,Biutiful
1969,Bandidas
310706,Black Water Transit
198663,The Maze Runner
239573,Unfinished Business
10436,The Age of Innocence
1381,The Fountain
2162,Chill Factor
127493,Stolen
12429,Ponyo
228205,The Longest Ride
2900,The Astronaut's Wife
21311,I Dreamed of Africa
77875,Playing for Keeps
192136,Mandela: Long Walk to Freedom
18254,Reds
881,A Few Good Men
10877,Exit Wounds
9600,Big Momma's House
202575,Thunder and the House of Magic
71469,The Darkest Hour
85446,Step Up Revolution
326,Snakes on a Plane
10685,The Watcher
7220,The Punisher
9763,Goal!: The Dream Begins
72387,Safe
12596,Pushing Tin
1892,Return of the Jedi
13460,Doomsday
8055,The Reader
50647,Wanderlust
10719,Elf
9294,Phenomenon
11888,Snow Dogs
9647,Scrooged
9353,Nacho Libre
55721,Bridesmaids
109414,This Is the End
10307,Stigmata
11978,Men of Honor
22907,Takers
87567,The Big Wedding
38322,"Big Mommas: Like Father, Like Son"
45612,Source Code
7305,Alive
3594,The Number 23
157841,The Young and Prodigious T.S. Spivet
11519,1941
12920,Dreamer: Inspired By a True Story
59,A History of Violence
9335,Transporter 2
12106,The Quick and the Dead
11141,Laws of Attraction
8649,Bringing Out the Dead
31867,Repo Men
10253,Dragon Wars: D-War
3587,Bogus
124459,The Incredible Burt Wonderstone
24662,Cats Don't Dance
32274,Cradle Will Rock
182,The Good German
5494,George and the Dragon
28,Apocalypse Now
38073,Going the Distance
2054,Mr. Holland's Opus
302156,Criminal
606,Out of Africa
87502,Flight
698,Moonraker
120467,The Grand Budapest Hotel
11313,Hearts in Atlantis
6488,Arachnophobia
10559,Frequency
296099,Vacation
8012,Get Shorty
1574,Chicago
9032,Big Daddy
2770,American Pie 2
862,Toy Story
1637,Speed
72570,The Vow
27569,Extraordinary Measures
10637,Remember the Titans
1669,The Hunt for Red October
132363,The Butler
9472,DodgeBall: A True Underdog Story
2907,The Addams Family
9273,Ace Ventura: When Nature Calls
9880,The Princess Diaries
2925,The First Wives Club
807,Se7en
17654,District 9
11836,The SpongeBob SquarePants Movie
322,Mystic River
70,Million Dollar Baby
9535,Analyze This
11036,The Notebook
6557,27 Dresses
18126,Hannah Montana: The Movie
16340,Rugrats in Paris: The Movie
10333,The Prince of Tides
4476,Legends of the Fall
22947,Up in the Air
2755,About Schmidt
82654,Warm Bodies
59967,Looper
16300,Down to Earth
9598,Babe
82696,Hope Springs
9870,Forgetting Sarah Marshall
8292,Four Brothers
8780,Baby Mama
9715,Hope Floats
10521,Bride Wars
10762,Without a Paddle
10096,13 Going on 30
59436,Midnight in Paris
227783,The Nut Job
4133,Blow
10207,Message in a Bottle
172,Star Trek V: The Final Frontier
21972,Like Mike
36593,The Naked Gun 33⅓: The Final Insult
707,A View to a Kill
533,The Curse of the Were-Rabbit
6023,P.S. I Love You
6439,Racing Stripes
4347,Atonement
37056,Letters to Juliet
4105,Black Rain
76489,The Three Stooges
3933,Corpse Bride
9918,Glory Road
273481,Sicario
307081,Southpaw
16871,Drag Me to Hell
293863,The Age of Adaline
13156,Secondhand Lions
41233,Step Up 3D
9266,Blue Crush
1262,Stranger Than Fiction
4513,30 Days of Night
22970,The Cabin in the Woods
7278,Meet the Spartans
9013,Midnight Run
865,The Running Man
10776,Little Shop of Horrors
50456,Hanna
9823,Mortal Kombat: Annihilation
59861,Larry Crowne
133805,Carrie
12763,Take the Lead
9766,Gridiron Gang
14034,What's the Worst That Could Happen?
12244,9
109421,Side Effects
11137,The Prince & Me
51162,Winnie the Pooh
10152,Dumb and Dumberer: When Harry Met Lloyd
9452,Bulworth
239566,Get on Up
53113,One True Thing
9271,Virtuosity
4474,My Super Ex-Girlfriend
184346,Deliver Us from Evil
48340,Sanctum
14846,Little Black Book
72207,The Five-Year Engagement
16232,Mr. 3000
43539,The Next Three Days
9920,Ultraviolet
8978,Assault on Precinct 13
11702,The Replacement Killers
18550,Fled
8869,Eight Legged Freaks
43347,Love & Other Drugs
3489,88 Minutes
9701,North Country
2122,The Whole Ten Yards
37707,Splice
10658,Howard the Duck
13150,Pride and Glory
9042,The Cave
17813,Alex & Emma
11208,Wicker Park
58151,Fright Night
11400,The New World
10350,Wing Commander
28902,In Dreams
14164,Dragonball Evolution
76640,The Last Stand
11058,Godsend
14844,Chasing Liberty
57089,Hoodwinked Too! Hood VS. Evil
1947,An Unfinished Life
8054,The Imaginarium of Doctor Parnassus
46829,Barney's Version
146238,Runner Runner
9989,Antitrust
9665,Glory
311,Once Upon a Time in America
102362,Dead Man Down
11162,The Merchant of Venice
6016,The Good Thief
17186,Supercross
13967,Miss Potter
2008,The Promise
9053,DOA: Dead or Alive
4512,The Assassination of Jesse James by the Coward Robert Ford
76349,1911
31203,Little Nicholas
265208,Wild Card
45610,Machine Gun Preacher
50135,Animals United
1874,Goodbye Bafana
271331,United Passions
215211,Grace of Monaco
367961,Savva. Heart of the Warrior
10955,Ripley's Game
223702,Sausage Party
254470,Pitch Perfect 2
69,Walk the Line
4967,Keeping the Faith
9449,The Borrowers
11499,Frost/Nixon
4912,Confessions of a Dangerous Mind
12771,Serving Sara
323676,The Boss
12506,Cry Freedom
24071,Mumford
11249,Seed of Chucky
9667,The Jacket
812,Aladdin
277216,Straight Outta Compton
87,Indiana Jones and the Temple of Doom
14444,The Rugrats Movie
2043,Along Came a Spider
315664,Florence Foster Jenkins
1428,Once Upon a Time in Mexico
562,Die Hard
15373,Role Models
318846,The Big Short
26320,Taking Woodstock
14292,Miracle
924,Dawn of the Dead
2018,The Wedding Planner
192577,Space Pirate Captain Harlock
9428,The Royal Tenenbaums
2832,Identity
137093,Last Vegas
699,For Your Eyes Only
9778,Serendipity
8831,Timecop
9398,Zoolander
112949,Safe Haven
10439,Hocus Pocus
3638,No Reservations
23483,Kick-Ass
62206,30 Minutes or Less
10577,Dracula 2000
218778,"Alexander and the Terrible, Horrible, No Good, Very Bad Day"
4348,Pride & Prejudice
78,Blade Runner
11780,Rob Roy
192102,3 Days to Kill
2001,We Own the Night
10383,Lost Souls
11516,Winged Migration
10025,Just My Luck
15198,"Mystery, Alaska"
23172,The Spy Next Door
17834,A Simple Wish
10016,Ghosts of Mars
10317,Our Brand Is Crisis
58431,Pride and Prejudice and Zombies
9746,Kundun
13092,How to Lose Friends & Alienate People
59859,Kick-Ass 2
13495,Alatriste
254473,Brick Mansions
700,Octopussy
4964,Knocked Up
10024,My Sister's Keeper
13490,Welcome Home Roscoe Jenkins
15927,A Passage to India
1259,Notes on a Scandal
5125,Rendition
174,Star Trek VI: The Undiscovered Country
9583,Divine Secrets of the Ya-Ya Sisterhood
9437,Kiss the Girls
525,The Blues Brothers
10188,The Sisterhood of the Traveling Pants 2
63574,Joyful Noise
245,About a Boy
9825,Lake Placid
186,Lucky Number Slevin
9549,The Right Stuff
61891,Anonymous
34584,The NeverEnding Story
2666,Dark City
12783,The Duchess
13155,Return to Oz
42807,The Newton Boys
28355,Case 39
8080,Suspect Zero
5126,Martian Child
56288,Spy Kids: All the Time in the World
303858,Money Monster
1613,The 51st State
31582,Flawless
16617,Mindhunters
8944,What Just Happened
41488,The Statement
37028,The Magic Flute
14560,Paul Blart: Mall Cop
10330,Freaky Friday
6957,The 40 Year Old Virgin
1934,Shakespeare in Love
169917,A Walk Among the Tombstones
951,Kindergarten Cop
10189,Pineapple Express
9454,Ever After: A Cinderella Story
2055,Open Range
1551,Flatliners
5902,A Bridge Too Far
11460,Red Eye
9358,Final Destination 2
134,"O Brother, Where Art Thou?"
22894,Legion
134374,Pain & Gain
1901,In Good Company
15028,Clockstoppers
11509,Silverado
7445,Brothers
17047,Agent Cody Banks 2: Destination London
62838,New Year's Eve
2057,Original Sin
70436,The Raven
16784,Welcome to Mooseport
8011,Highlander: The Final Dimension
31640,Blood and Wine
9092,Snow White: A Tale of Terror
2779,The Curse of the Jade Scorpion
316002,Accidental Love
36355,Flipper
238615,Self/less
1985,The Constant Gardener
615,The Passion of the Christ
788,Mrs. Doubtfire
380,Rain Man
13223,Gran Torino
10523,W.
8681,Taken
239571,The Best of Me
619,The Bodyguard
424,Schindler's List
50014,The Help
162903,The Fifth Estate
11024,Scooby-Doo 2: Monsters Unleashed
208763,Forbidden Kingdom
6466,Freddy vs. Jason
254024,The Face of an Angel
12589,Jimmy Neutron: Boy Genius
7191,Cloverfield
1497,Teenage Mutant Ninja Turtles II: The Secret of the Ooze
117,The Untouchables
6977,No Country for Old Men
168530,Ride Along
634,Bridget Jones's Diary
392,Chocolat
10327,"Legally Blonde 2: Red, White & Blonde"
88042,Parental Guidance
41630,No Strings Attached
11969,Tombstone
2085,Romeo Must Die
794,The Omen
9286,Final Destination 3
77877,The Lucky One
1265,Bridge to Terabithia
866,Finding Neverland
175555,A Madea Christmas
75174,The Grey
11096,Hide and Seek
8699,Anchorman: The Legend of Ron Burgundy
769,GoodFellas
10923,Agent Cody Banks
11283,Nanny McPhee
111,Scarface
11676,Nothing to Lose
746,The Last Emperor
77866,Contraband
9416,Money Talks
7345,There Will Be Blood
14317,The Wild Thornberrys Movie
20694,Rugrats Go Wild
12277,Undercover Brother
9779,The Sisterhood of the Traveling Pants
2140,Kiss of the Dragon
12620,The House Bunny
14177,Beauty Shop
198185,Million Dollar Arm
227156,The Giver
10735,What a Girl Wants
11351,Jeepers Creepers 2
10030,Good Luck Chuck
10623,Cradle 2 the Grave
590,The Hours
9655,She's the Man
1268,Mr. Bean's Holiday
11237,Anacondas: The Hunt for the Blood Orchid
190955,Blood Ties
5123,August Rush
4518,Elizabeth
11932,Bride of Chucky
11165,Tora! Tora! Tora!
6116,Spice World
57431,The Sitter
21724,Dance Flick
278,The Shawshank Redemption
9290,Crocodile Dundee in Los Angeles
11543,Kingpin
284536,The Gambler
152737,August: Osage County
13374,Ice Princess
8976,A Lot Like Love
319888,Eddie the Eagle
9469,He Got Game
1909,Don Juan DeMarco
22971,Dear John
34813,The Losers
46261,Don't Be Afraid of the Dark
10431,War
8051,Punch-Drunk Love
9352,EuroTrip
10167,Half Past Dead
18147,Unaccompanied Minors
17170,"Bright Lights, Big City"
18975,The Adventures of Pinocchio
15487,The Greatest Game Ever Played
22825,The Box
11152,The Ruins
1831,The Next Best Thing
43931,My Soul to Take
10591,The Girl Next Door
10861,Maximum Risk
12770,Stealing Harvard
276907,Legend
10074,Hot Rod
65055,Shark Night
10397,Angela's Ashes
200505,Draft Day
11954,Lifeforce
60309,The Conspirator
9787,Lords of Dogtown
293646,The 33
6978,Big Trouble in Little China
133698,Fly Me to the Moon
59440,Warrior
1770,Michael Collins
10655,Gettysburg
8988,Stop-Loss
15992,Abandon
17707,Brokedown Palace
77883,The Possession
40001,Mrs. Winterbourne
64639,Straw Dogs
9903,The Hoax
21338,Stone Cold
20766,The Road
24264,Sheena
19803,Underclassman
20309,Say It Isn't So
9912,The World's Fastest Indian
9067,Tank Girl
27360,King's Ransom
8338,Blindness
168705,BloodRayne
72113,Carnage
9729,Where the Truth Lies
94352,Cirque du Soleil: Worlds Away
22256,Without Limits
12404,Me and Orson Welles
152742,The Best Offer
11699,The Bad Lieutenant: Port of Call - New Orleans
49953,A Turtle's Tale: Sammy's Adventures
48034,Little White Lies
39845,Love Ranch
25353,The True Story of Puss 'n Boots
36696,Space Dogs
109091,The Counselor
38543,Ironclad
33157,Waterloo
290864,Kung Fu Jungle
242166,Red Sky
859,Dangerous Liaisons
83770,On the Road
168,Star Trek IV: The Voyage Home
1246,Rocky Balboa
4233,Scream 2
174751,Jane Got a Gun
184098,Think Like a Man Too
2069,The Whole Nine Yards
1788,Footloose
11635,Old School
177,The Fisher King
3600,I Still Know What You Did Last Summer
2621,Return to Me
10358,Zack and Miri Make a Porno
10480,Nurse Betty
10313,The Men Who Stare at Goats
18828,Double Take
3558,"Girl, Interrupted"
13476,Win a Date with Tad Hamilton!
10208,Muppets from Space
24961,The Wiz
20697,Ready to Rumble
20761,Play It to the Bone
70868,I Don't Know How She Does It
43593,Piranha 3D
6478,Beyond the Sea
40688,Meet the Deedles
26672,The Thief and the Cobbler
45881,The Bridge of San Luis Rey
41283,Faster
4935,Howl's Moving Castle
19908,Zombieland
10663,The Waterboy
1891,The Empire Strikes Back
9737,Bad Boys
37137,The Naked Gun 2½: The Smell of Fear
9532,Final Destination
10316,The Ides of March
2787,Pitch Black
12658,Someone Like You...
